pre,post,sign,citation,evidence
AWCL,AIBL,1,chalasani2007,"AWC neurons ""activate the AIB interneurons through AMPA-type glutamate receptors"""
AWCL,AIBR,1,chalasani2007,"AWC neurons ""activate the AIB interneurons through AMPA-type glutamate receptors"""
AWCR,AIBL,1,chalasani2007,"AWC neurons ""activate the AIB interneurons through AMPA-type glutamate receptors"""
AWCR,AIBR,1,chalasani2007,"AWC neurons ""activate the AIB interneurons through AMPA-type glutamate receptors"""
AWCL,AIYL,-1,chalasani2007,"""The AWC neuron inhibits AIY interneurons through glutamate-gated chloride channels"""
AWCR,AIYL,-1,chalasani2007,"""The AWC neuron inhibits AIY interneurons through glutamate-gated chloride channels"""
AWCR,AIYR,-1,chalasani2007,"""The AWC neuron inhibits AIY interneurons through glutamate-gated chloride channels"""
AVAL,AVBL,-1,roberts2016,"""the reversal potential of optically induced synaptic currents in AVA and AVB was more negative than the zero-current potential in these neurons"" … ""AVA to AVB, p = 0.043, n = 9"" (patch clamp of AVB with AVA driven through the rig-3 promoter, which is not AVA-specific; functional and possibly polysynaptic; inhibitory on the fast timescale, the slow tonic excitation Meng et al. 2024 find being extrasynaptic and out of scope)"
AVAR,AVBL,-1,roberts2016,"""the reversal potential of optically induced synaptic currents in AVA and AVB was more negative than the zero-current potential in these neurons"" … ""AVA to AVB, p = 0.043, n = 9"" (patch clamp of AVB with AVA driven through the rig-3 promoter, which is not AVA-specific; functional and possibly polysynaptic; inhibitory on the fast timescale, the slow tonic excitation Meng et al. 2024 find being extrasynaptic and out of scope)"
AVAR,AVBR,-1,roberts2016,"""the reversal potential of optically induced synaptic currents in AVA and AVB was more negative than the zero-current potential in these neurons"" … ""AVA to AVB, p = 0.043, n = 9"" (patch clamp of AVB with AVA driven through the rig-3 promoter, which is not AVA-specific; functional and possibly polysynaptic; inhibitory on the fast timescale, the slow tonic excitation Meng et al. 2024 find being extrasynaptic and out of scope)"
AVBL,AVAL,-1,roberts2016,"""the reversal potential of optically induced synaptic currents in AVA and AVB was more negative than the zero-current potential in these neurons"" … ""AVB to AVA, p = 0.019, n = 17"" (patch clamp of AVA with AVB driven through the sra-11 promoter, which also labels AIY and AIA; functional and possibly polysynaptic; contested by Meng et al. 2024)"
AVBL,AVAR,-1,roberts2016,"""the reversal potential of optically induced synaptic currents in AVA and AVB was more negative than the zero-current potential in these neurons"" … ""AVB to AVA, p = 0.019, n = 17"" (patch clamp of AVA with AVB driven through the sra-11 promoter, which also labels AIY and AIA; functional and possibly polysynaptic; contested by Meng et al. 2024)"
AVBR,AVAL,-1,roberts2016,"""the reversal potential of optically induced synaptic currents in AVA and AVB was more negative than the zero-current potential in these neurons"" … ""AVB to AVA, p = 0.019, n = 17"" (patch clamp of AVA with AVB driven through the sra-11 promoter, which also labels AIY and AIA; functional and possibly polysynaptic; contested by Meng et al. 2024)"
AVBR,AVAR,-1,roberts2016,"""the reversal potential of optically induced synaptic currents in AVA and AVB was more negative than the zero-current potential in these neurons"" … ""AVB to AVA, p = 0.019, n = 17"" (patch clamp of AVA with AVB driven through the sra-11 promoter, which also labels AIY and AIA; functional and possibly polysynaptic; contested by Meng et al. 2024)"
ASHL,AVBL,-1,roberts2016,"""we photoactivated ASH neurons while recording from AVB"" … ""The reversal potential of this connection was more negative than the zero current potential, indicating inhibition"" (patch clamp of AVB; the authors allow that the inhibition may come through AVA or polysynaptic pathways)"
ASHR,AVBR,-1,roberts2016,"""we photoactivated ASH neurons while recording from AVB"" … ""The reversal potential of this connection was more negative than the zero current potential, indicating inhibition"" (patch clamp of AVB; the authors allow that the inhibition may come through AVA or polysynaptic pathways)"
PVPL,AVAL,-1,zhang2025,"""PVP activation inhibited AVA by inducing inhibitory postsynaptic potentials (IPSPs) in AVA membrane potential"" (patch clamp, with ACC-1 and ACC-4 rescued in AVA)"
PVPL,AVAR,-1,zhang2025,"""PVP activation inhibited AVA by inducing inhibitory postsynaptic potentials (IPSPs) in AVA membrane potential"" (patch clamp, with ACC-1 and ACC-4 rescued in AVA)"
PVPR,AVAL,-1,zhang2025,"""PVP activation inhibited AVA by inducing inhibitory postsynaptic potentials (IPSPs) in AVA membrane potential"" (patch clamp, with ACC-1 and ACC-4 rescued in AVA)"
PVPR,AVAR,-1,zhang2025,"""PVP activation inhibited AVA by inducing inhibitory postsynaptic potentials (IPSPs) in AVA membrane potential"" (patch clamp, with ACC-1 and ACC-4 rescued in AVA)"
AIBL,RIML,-1,piggott2011,"""AIB stimulation by ChR2 led to a hyperpolarizing response (IPSP) in RIM"" (patch clamp, reversing near the chloride equilibrium potential, with avr-14 rescued in RIM)"
AIBL,RIMR,-1,piggott2011,"""AIB stimulation by ChR2 led to a hyperpolarizing response (IPSP) in RIM"" (patch clamp, reversing near the chloride equilibrium potential, with avr-14 rescued in RIM)"
AIBR,RIML,-1,piggott2011,"""AIB stimulation by ChR2 led to a hyperpolarizing response (IPSP) in RIM"" (patch clamp, reversing near the chloride equilibrium potential, with avr-14 rescued in RIM)"
AIBR,RIMR,-1,piggott2011,"""AIB stimulation by ChR2 led to a hyperpolarizing response (IPSP) in RIM"" (patch clamp, reversing near the chloride equilibrium potential, with avr-14 rescued in RIM)"
AIBL,RIBR,-1,wang2020,"""significantly reduced upon optogenetic activation of AIB in immobilized animals, which was not observed in the glutamate vesicular transport deficient mutant eat-4 animals"" (calcium imaging of RIB)"
AIBR,RIBL,-1,wang2020,"""significantly reduced upon optogenetic activation of AIB in immobilized animals, which was not observed in the glutamate vesicular transport deficient mutant eat-4 animals"" (calcium imaging of RIB)"
SAADL,RIML,-1,huo2024,"""we directly observed a significant decrease in RIM calcium activity"" … ""immediately after optogenetic activation of SAA"" (calcium imaging of RIM, itself held depolarised by ChR2; the activation also reached SMB and RIV, and the receptors' rescue in RIM was behavioural)"
SAADL,RIMR,-1,huo2024,"""we directly observed a significant decrease in RIM calcium activity"" … ""immediately after optogenetic activation of SAA"" (calcium imaging of RIM, itself held depolarised by ChR2; the activation also reached SMB and RIV, and the receptors' rescue in RIM was behavioural)"
SAADR,RIML,-1,huo2024,"""we directly observed a significant decrease in RIM calcium activity"" … ""immediately after optogenetic activation of SAA"" (calcium imaging of RIM, itself held depolarised by ChR2; the activation also reached SMB and RIV, and the receptors' rescue in RIM was behavioural)"
SAADR,RIMR,-1,huo2024,"""we directly observed a significant decrease in RIM calcium activity"" … ""immediately after optogenetic activation of SAA"" (calcium imaging of RIM, itself held depolarised by ChR2; the activation also reached SMB and RIV, and the receptors' rescue in RIM was behavioural)"
SAAVL,RIML,-1,huo2024,"""we directly observed a significant decrease in RIM calcium activity"" … ""immediately after optogenetic activation of SAA"" (calcium imaging of RIM, itself held depolarised by ChR2; the activation also reached SMB and RIV, and the receptors' rescue in RIM was behavioural)"
SAAVL,RIMR,-1,huo2024,"""we directly observed a significant decrease in RIM calcium activity"" … ""immediately after optogenetic activation of SAA"" (calcium imaging of RIM, itself held depolarised by ChR2; the activation also reached SMB and RIV, and the receptors' rescue in RIM was behavioural)"
SAAVR,RIML,-1,huo2024,"""we directly observed a significant decrease in RIM calcium activity"" … ""immediately after optogenetic activation of SAA"" (calcium imaging of RIM, itself held depolarised by ChR2; the activation also reached SMB and RIV, and the receptors' rescue in RIM was behavioural)"
SAAVR,RIMR,-1,huo2024,"""we directly observed a significant decrease in RIM calcium activity"" … ""immediately after optogenetic activation of SAA"" (calcium imaging of RIM, itself held depolarised by ChR2; the activation also reached SMB and RIV, and the receptors' rescue in RIM was behavioural)"
PVPL,AVBL,1,zhang2025,"""In wild-type worms, optogenetic stimulation of PVP induced strong EPSP in AVB."" (patch clamp, with ACR-15 rescued in AVB; confirms the sign)"
PVPL,AVBR,1,zhang2025,"""In wild-type worms, optogenetic stimulation of PVP induced strong EPSP in AVB."" (patch clamp, with ACR-15 rescued in AVB; confirms the sign)"
PVPR,AVBL,1,zhang2025,"""In wild-type worms, optogenetic stimulation of PVP induced strong EPSP in AVB."" (patch clamp, with ACR-15 rescued in AVB; confirms the sign)"
PVPR,AVBR,1,zhang2025,"""In wild-type worms, optogenetic stimulation of PVP induced strong EPSP in AVB."" (patch clamp, with ACR-15 rescued in AVB; confirms the sign)"
DVC,AVAL,1,zhang2025,"""Activation of DVC induced robust postsynaptic currents"" … ""DVC excites AVA by activating NMR-1 and GLR-4"" (patch clamp; confirms the sign)"
DVC,AVAR,1,zhang2025,"""Activation of DVC induced robust postsynaptic currents"" … ""DVC excites AVA by activating NMR-1 and GLR-4"" (patch clamp; confirms the sign)"
ASHL,AVAL,1,piggott2011,"""expression of wild-type eat-4 gene in ASH restored nose touch-evoked EPSPs in AVA and AIB"" (patch clamp of AVA, with glutamate release restored in ASH alone; confirms the sign)"
ASHL,AVAR,1,piggott2011,"""expression of wild-type eat-4 gene in ASH restored nose touch-evoked EPSPs in AVA and AIB"" (patch clamp of AVA, with glutamate release restored in ASH alone; confirms the sign)"
ASHR,AVAR,1,piggott2011,"""expression of wild-type eat-4 gene in ASH restored nose touch-evoked EPSPs in AVA and AIB"" (patch clamp of AVA, with glutamate release restored in ASH alone; confirms the sign)"
ASHL,AIBL,1,piggott2011,"""expression of wild-type eat-4 gene in ASH restored nose touch-evoked EPSPs in AVA and AIB"" (patch clamp of AIB, with glutamate release restored in ASH alone; confirms the sign)"
ASHR,AIBR,1,piggott2011,"""expression of wild-type eat-4 gene in ASH restored nose touch-evoked EPSPs in AVA and AIB"" (patch clamp of AIB, with glutamate release restored in ASH alone; confirms the sign)"
AIYL,AIZL,-1,li2014,"""Inhibition of AIY activates AIZ"" … ""greatly diminished AIZ’s calcium response triggered by AIY (AIY::NpHR), and transgenic expression of wild-type acc-2 gene in AIZ rescued this defect"" (calcium imaging in freely moving worms, with ACC-2, an ACh-gated chloride channel, rescued in AIZ; only inhibiting AIY acted, ChR2 stimulation of AIY having no notable effect; confirms the sign)"
AIYR,AIZR,-1,li2014,"""Inhibition of AIY activates AIZ"" … ""greatly diminished AIZ’s calcium response triggered by AIY (AIY::NpHR), and transgenic expression of wild-type acc-2 gene in AIZ rescued this defect"" (calcium imaging in freely moving worms, with ACC-2, an ACh-gated chloride channel, rescued in AIZ; only inhibiting AIY acted, ChR2 stimulation of AIY having no notable effect; confirms the sign)"
AIYL,RIBL,1,li2014,"""ChR2 stimulation of AIY promoted RIB activity (Figure 4L–M), while NpHR inhibition of AIY suppressed it"" (calcium imaging in freely moving worms; confirms the sign)"
AIYR,RIBR,1,li2014,"""ChR2 stimulation of AIY promoted RIB activity (Figure 4L–M), while NpHR inhibition of AIY suppressed it"" (calcium imaging in freely moving worms; confirms the sign)"
AIZL,RIAL,1,lin2024,"""We found that RIA exhibited robust calcium activity upon artificial stimulation of AIZ neurons"" (calcium imaging, with GLR-3 and GLR-6 rescued in RIA; confirms the sign)"
AIZR,RIAR,1,lin2024,"""We found that RIA exhibited robust calcium activity upon artificial stimulation of AIZ neurons"" (calcium imaging, with GLR-3 and GLR-6 rescued in RIA; confirms the sign)"
